{"ticker":"SNDK","queryCount":2,"resultsCount":2,"adjusted":true,"results":[{"v":1.622162854402e+07,"vw":1678.8899,"o":1700.5,"c":1646.54,"h":1802.9999,"l":1536.0001,"t":1780977600000,"n":691249},{"v":1.0362017741937e+07,"vw":1673.2737,"o":1624.38,"c":1643.23,"h":1764.6499,"l":1590,"t":1781064000000,"n":502061}],"status":"OK","request_id":"7a157ba6c25a72526830ebec9754ee77","count":2}