{"ticker":"INTC","queryCount":2,"resultsCount":2,"adjusted":true,"results":[{"v":1.49623108027935e+08,"vw":106.7996,"o":112.99,"c":107.92,"h":113.998,"l":99.46,"t":1780977600000,"n":1369807},{"v":1.2265346250796e+08,"vw":107.3558,"o":106.03,"c":107.04,"h":111.5,"l":104.92,"t":1781064000000,"n":1076289}],"status":"OK","request_id":"3162fcddf1270188e8bb38980bac6687","count":2}