{"ticker":"AAOI","queryCount":2,"resultsCount":2,"adjusted":true,"results":[{"v":2.6968735360293e+07,"vw":173.7206,"o":202.805,"c":162.88,"h":207.6,"l":160.87,"t":1780977600000,"n":454099},{"v":1.704094577301e+07,"vw":175.0777,"o":171.79,"c":175.13,"h":184.91,"l":167.42,"t":1781064000000,"n":289521}],"status":"OK","request_id":"227f76f1ed1de50021ca80d34165540c","count":2}