{"ticker":"AAOI","queryCount":2,"resultsCount":2,"adjusted":true,"results":[{"v":1.4448538633433e+07,"vw":169.3606,"o":167.555,"c":172.78,"h":175.2,"l":162.1,"t":1781150400000,"n":258427},{"v":1.27306998575e+07,"vw":170.5416,"o":173.14,"c":169.05,"h":179.9,"l":163.66,"t":1781236800000,"n":206576}],"status":"OK","request_id":"4af6565f191c6de134ab5b0728802387","count":2}