{"ticker":"KLAC","queryCount":2,"resultsCount":2,"adjusted":true,"results":[{"v":1.76940248546e+07,"vw":236.0869,"o":221.337,"c":241.164,"h":243.129,"l":220.628,"t":1781150400000,"n":124773},{"v":1.0069201848292e+07,"vw":250.2819,"o":237.6,"c":254.54,"h":254.93,"l":236,"t":1781236800000,"n":299928}],"status":"OK","request_id":"637b9a6b74b3abb1a3cf9207de0c9069","count":2}