{"ticker":"INTC","queryCount":2,"resultsCount":2,"adjusted":true,"results":[{"v":1.88430320805979e+08,"vw":115.1082,"o":113.52,"c":116.96,"h":119.44,"l":110.5118,"t":1781150400000,"n":1574189},{"v":1.51379140312299e+08,"vw":123.0502,"o":117.415,"c":124.57,"h":127.6,"l":115.33,"t":1781236800000,"n":1354642}],"status":"OK","request_id":"4877e1dc5eab713859e53028ce5f6847","count":2}