{"ticker":"KLAC","queryCount":2,"resultsCount":2,"adjusted":true,"results":[{"v":1.602957970661e+07,"vw":217.6334,"o":216.643,"c":213.564,"h":230.4406,"l":212.256,"t":1781064000000,"n":122289},{"v":1.76940248546e+07,"vw":236.0869,"o":221.337,"c":241.164,"h":243.129,"l":220.628,"t":1781150400000,"n":124773}],"status":"OK","request_id":"4736d7af77a7dd804052c94207737fd8","count":2}