{"ticker":"AAOI","queryCount":2,"resultsCount":2,"adjusted":true,"results":[{"v":1.704094577301e+07,"vw":175.0777,"o":171.79,"c":175.13,"h":184.91,"l":167.42,"t":1781064000000,"n":289521},{"v":1.4448538633433e+07,"vw":169.3606,"o":167.555,"c":172.78,"h":175.2,"l":162.1,"t":1781150400000,"n":258427}],"status":"OK","request_id":"1bb72fd95df2b6e951a2154ed01a7358","count":2}