{"ticker":"MU","queryCount":2,"resultsCount":2,"adjusted":true,"results":[{"v":7.3448646655121e+07,"vw":919.9393,"o":988.175,"c":935.89,"h":989.15,"l":854.35,"t":1780977600000,"n":2074413},{"v":5.5712574550449e+07,"vw":908.9253,"o":905.13,"c":891.88,"h":957.48,"l":883.25,"t":1781064000000,"n":1529592}],"status":"OK","request_id":"b1c88b85706e66102f34446452b0924b","count":2}