{"ticker":"KLAC","queryCount":2,"resultsCount":2,"adjusted":true,"results":[{"v":1.636598392115e+07,"vw":212.9352,"o":217,"c":213.937,"h":226.2819,"l":199.55,"t":1780977600000,"n":127597},{"v":1.602957970661e+07,"vw":217.6334,"o":216.643,"c":213.564,"h":230.4406,"l":212.256,"t":1781064000000,"n":122289}],"status":"OK","request_id":"7436875eda0b26b74f07a6f46a4ec72d","count":2}