{"ticker":"SNDK","queryCount":2,"resultsCount":2,"adjusted":true,"results":[{"v":1.3759421201908e+07,"vw":1794.8499,"o":1672.26,"c":1881.51,"h":1895,"l":1665,"t":1781150400000,"n":620854},{"v":1.196468787819e+07,"vw":1967.4301,"o":1890.98,"c":1980.1,"h":2021.65,"l":1865.11,"t":1781236800000,"n":593112}],"status":"OK","request_id":"587374afc0f6970310288badd8f70e11","count":2}