{"ticker":"MU","queryCount":2,"resultsCount":2,"adjusted":true,"results":[{"v":5.9418902613718e+07,"vw":945.5235,"o":904.37,"c":995.87,"h":996.77,"l":895.5,"t":1781150400000,"n":1517565},{"v":4.0995999773983e+07,"vw":989.0395,"o":971.81,"c":981.61,"h":1012.6198,"l":960.19,"t":1781236800000,"n":1216695}],"status":"OK","request_id":"cc031532011c61c7529361320536670b","count":2}