{"ticker":"MU","queryCount":2,"resultsCount":2,"adjusted":true,"results":[{"v":5.5712574550449e+07,"vw":908.9253,"o":905.13,"c":891.88,"h":957.48,"l":883.25,"t":1781064000000,"n":1529592},{"v":5.9418902613718e+07,"vw":945.5235,"o":904.37,"c":995.87,"h":996.77,"l":895.5,"t":1781150400000,"n":1517565}],"status":"OK","request_id":"93764138bf89abc74c4241a259f53069","count":2}