{"ticker":"SNDK","queryCount":2,"resultsCount":2,"adjusted":true,"results":[{"v":1.0362017741937e+07,"vw":1673.2737,"o":1624.38,"c":1643.23,"h":1764.6499,"l":1590,"t":1781064000000,"n":502061},{"v":1.3759421201908e+07,"vw":1794.8499,"o":1672.26,"c":1881.51,"h":1895,"l":1665,"t":1781150400000,"n":620854}],"status":"OK","request_id":"102f70da0e3b1d526f906b4385f3e00d","count":2}