{"ticker":"INTC","queryCount":2,"resultsCount":2,"adjusted":true,"results":[{"v":1.2265346250796e+08,"vw":107.3558,"o":106.03,"c":107.04,"h":111.5,"l":104.92,"t":1781064000000,"n":1076289},{"v":1.88430320805979e+08,"vw":115.1082,"o":113.52,"c":116.96,"h":119.44,"l":110.5118,"t":1781150400000,"n":1574189}],"status":"OK","request_id":"63e12b0e83cf53d5c0ccd5e7c3ffd631","count":2}